<?xml version="1.0" encoding="UTF-8"?>
<project-private xmlns="http://www.netbeans.org/ns/project-private/1">
    <editor-bookmarks xmlns="http://www.netbeans.org/ns/editor-bookmarks/2" lastBookmarkId="0"/>
    <open-files xmlns="http://www.netbeans.org/ns/projectui-open-files/2">
        <group>
            <file>file:/Users/admin/Documents/workspace/Computer%20Science/Year%203/First%20semester/Programming%202/dojos/Lab5_CustomerProjectsAppStarter/src/customerprojects/CustomerProjectsApp.java</file>
            <file>file:/Users/admin/Documents/workspace/Computer%20Science/Year%203/First%20semester/Programming%202/dojos/Lab5_CustomerProjectsAppStarter/src/repositories/Repository.java</file>
            <file>file:/Users/admin/Documents/workspace/Computer%20Science/Year%203/First%20semester/Programming%202/dojos/Lab5_CustomerProjectsAppStarter/src/model/Customer.java</file>
            <file>file:/Users/admin/Documents/workspace/Computer%20Science/Year%203/First%20semester/Programming%202/dojos/Lab5_CustomerProjectsAppStarter/src/daos/DAOTextImpl.java</file>
            <file>file:/Users/admin/Documents/workspace/Computer%20Science/Year%203/First%20semester/Programming%202/dojos/Lab5_CustomerProjectsAppStarter/src/controllers/CustomerProjectsController.java</file>
            <file>file:/Users/admin/Documents/workspace/Computer%20Science/Year%203/First%20semester/Programming%202/dojos/Lab5_CustomerProjectsAppStarter/src/model/Project.java</file>
            <file>file:/Users/admin/Documents/workspace/Computer%20Science/Year%203/First%20semester/Programming%202/dojos/Lab5_CustomerProjectsAppStarter/customers.txt</file>
        </group>
    </open-files>
</project-private>
